prompt_id,N,R_raw,R_anchor,mu_pre,mu_post,delta_R_anchor,delta_mu,P_tau_pre,P_tau_post,delta_P_tau,rescue_rate,tau
anchor_fib_v1,9,0.5555555555555556,0.1111111111111111,0.644709571857104,0.644709571857104,0.1111111111111111,0.0,0.3333333333333333,0.3333333333333333,0.0,0.0,0.1
