prompt_id,N,R_raw,R_anchor,mu_pre,mu_post,delta_R_anchor,delta_mu,P_tau_pre,P_tau_post,delta_P_tau,rescue_rate,tau
brackets_v2,1,1.0,0.0,0.7662337662337663,0.7662337662337663,0.0,0.0,0.0,0.0,0.0,0.0,0.1
anchor_fib_v1,4,0.5,0.25,0.20059653667848376,0.20059653667848376,0.25,0.0,0.75,0.75,0.0,0.0,0.1
slugify_v2,1,1.0,0.0,0.39299610894941633,0.39299610894941633,0.0,0.0,0.0,0.0,0.0,0.0,0.1
brackets_v1,1,1.0,0.0,0.7521739130434782,0.7521739130434782,0.0,0.0,0.0,0.0,0.0,0.0,0.1
csvjson_v1,1,1.0,0.0,0.7269372693726938,0.7269372693726938,0.0,0.0,0.0,0.0,0.0,0.0,0.1
csvjson_v2,1,1.0,0.0,0.7,0.7,0.0,0.0,0.0,0.0,0.0,0.0,0.1
slugify_v1,19,0.8421052631578947,0.05263157894736842,0.41635586427998933,0.41635586427998933,0.05263157894736842,0.0,0.47368421052631576,0.47368421052631576,0.0,0.0,0.1
